created_at,user_name,type,title,content_excerpt,contribution_id,lost_poi_id
2026-04-29T13:39:59.869004+00:00,Contrib User,narrative,TEST_n,"Walking past, I noticed the iron gate creak in afternoon wind.",aee41576-50ff-4e0d-9440-330599644a1b,994092ed-23a5-4958-8d8a-4bf60b53d5db
2026-04-29T13:40:00.191371+00:00,Contrib User,dialogue_prompt,,What would you whisper to a 240-year-old tree?,03dabf7f-6e65-48ec-9ea2-da2a5c306762,67c1e5e5-2c81-4a98-8038-f294d4ae149d
2026-04-29T13:40:01.387262+00:00,Contrib User,narrative,,another whisper,dadaef0d-69f9-436e-b37f-6354b5e20e50,286507dc-6989-40b4-b7eb-635d692c0547
2026-04-29T13:40:01.607544+00:00,Contrib User,narrative,,still pending,1747e90c-59af-4378-98b1-d4db85f9dca4,54b1c50e-515a-4aff-88cf-2ef977c318f7
2026-04-29T13:44:15.410098+00:00,Contrib User,narrative,TEST_n,"Walking past, I noticed the iron gate creak in afternoon wind.",d59f0803-78fa-4f3b-84c2-4e01ec994012,ed28e8d5-c518-4944-a9e1-7982448039e9
2026-04-29T13:44:15.749297+00:00,Contrib User,dialogue_prompt,,What would you whisper to a 240-year-old tree?,9d5e9bfa-8ed7-4ee8-8ac5-5926f1d0033d,2a17a82e-0229-4168-befb-00eb08270d69
2026-04-29T13:44:17.044201+00:00,Contrib User,narrative,,another whisper,43b7d1a3-9d21-4552-8937-a9908c231d1b,04666e91-4f8d-4c2c-b500-d1dce60cfaac
2026-04-29T13:44:17.245950+00:00,Contrib User,narrative,,still pending,31007d6a-7435-42d3-8092-5ccfebae56e1,31bf7091-de53-48b9-bac2-4c168830197a
2026-04-29T13:49:20.054149+00:00,Contrib User,narrative,TEST_n,"Walking past, I noticed the iron gate creak in afternoon wind.",83b852df-a001-4be1-85cc-48a2591c7dea,b5864d33-8c32-4ffa-8401-2d455fc102d1
2026-04-29T13:49:20.392749+00:00,Contrib User,dialogue_prompt,,What would you whisper to a 240-year-old tree?,e3abc1c7-faf8-4c82-bc6d-3a424e372393,044ee451-e35e-4286-976e-eb8980874bd6
2026-04-29T13:49:21.527699+00:00,Contrib User,narrative,,another whisper,1aeb8798-b684-45cc-a5ea-dcee30ba5bc5,a62036cf-850d-4364-815b-7109fbf2963f
2026-04-29T13:49:21.762432+00:00,Contrib User,narrative,,still pending,d95a6f00-ef82-4090-a0d4-223e88146156,d2d6b2da-861b-4c26-9e96-ec9692d4c0ce
2026-04-30T11:08:50.845730+00:00,Contrib User,narrative,TEST_n,"Walking past, I noticed the iron gate creak in afternoon wind.",3f3f8500-2d6a-4452-bc4b-c1bd346fe178,44a9dd0a-67e7-40f6-9b00-b73b37ff243b
2026-04-30T11:08:51.172636+00:00,Contrib User,dialogue_prompt,,What would you whisper to a 240-year-old tree?,1f538baa-0156-40d3-92ef-ce203af3bef6,c3057cb0-8776-495a-b84e-f99311f959fc
2026-04-30T11:08:52.264247+00:00,Contrib User,narrative,,another whisper,d8f20421-d912-4be1-90b8-9df5317f62b3,2b06fe79-64e9-4177-8ba8-bee5086ace42
2026-04-30T11:08:52.465807+00:00,Contrib User,narrative,,still pending,b44ba7ff-5cbc-4e12-8840-e3977161b991,c8a48178-7fb9-4902-859d-d57f1bd85d9e
2026-04-30T13:07:40.936847+00:00,Contrib User,narrative,TEST_n,"Walking past, I noticed the iron gate creak in afternoon wind.",f9888c02-f884-463a-9738-27e3eaf7310c,109c6d49-d3c1-4edb-beb9-43e4a4a31bd3
2026-04-30T13:07:41.321330+00:00,Contrib User,dialogue_prompt,,What would you whisper to a 240-year-old tree?,09171666-aa60-474c-ba8e-99f7eb7bfdd5,84358cca-118d-461e-9464-49bafefd1416
2026-04-30T13:07:42.606735+00:00,Contrib User,narrative,,another whisper,6cdefd4e-2b31-4471-a068-01dbe8515bc3,d9d3efcc-f6e6-4f7b-80df-b000287c58e6
2026-04-30T13:07:42.828329+00:00,Contrib User,narrative,,still pending,566d2c74-3ecc-43fe-a2b1-0c63a94b8daa,fdcf9512-2c78-49ee-911d-d1828ccd841d
2026-04-30T13:21:46.843392+00:00,Contrib User,narrative,TEST_n,"Walking past, I noticed the iron gate creak in afternoon wind.",f4389d5c-7505-4956-a54a-8420846fa280,2ac88024-e72b-43e8-b48e-6cf413589b3c
2026-04-30T13:21:47.185690+00:00,Contrib User,dialogue_prompt,,What would you whisper to a 240-year-old tree?,7256eaba-fb12-436c-a0da-5764431197a2,3bccda12-ee51-4fea-9091-66b9ee76edc6
2026-04-30T13:21:48.332745+00:00,Contrib User,narrative,,another whisper,e7fe7c30-2780-426b-b401-996a06320332,97f82a08-dd48-45fe-9e31-679eaba9b296
2026-04-30T13:21:48.555739+00:00,Contrib User,narrative,,still pending,29466a33-8973-488b-aec1-d23c69a09d44,3ece8723-ee2b-4549-801e-46ccb0d074ce
2026-05-01T10:07:09.223390+00:00,Contrib User,narrative,TEST_n,"Walking past, I noticed the iron gate creak in afternoon wind.",6735e4ec-e486-4d31-ba9f-a3d2ef4a2802,d63c2262-4490-4959-a899-4f79db63d1ea
2026-05-01T10:07:09.544008+00:00,Contrib User,dialogue_prompt,,What would you whisper to a 240-year-old tree?,def95573-380f-476b-b797-a0f2e601d776,af1859c6-9087-4530-b4b1-828862d4ab73
2026-05-01T10:07:10.579592+00:00,Contrib User,narrative,,another whisper,d4210e1e-f573-4354-940d-db48ee2e55d8,2df0c83f-c0a3-4a11-94e9-7b15cdaacd8a
2026-05-01T10:07:10.784592+00:00,Contrib User,narrative,,still pending,cd627892-105f-40cd-94d3-f8a8bf5cd2cd,75e6cd28-f2fc-455a-af6b-ff4ce9dcc115
2026-05-01T11:05:43.597351+00:00,Contrib User,narrative,TEST_n,"Walking past, I noticed the iron gate creak in afternoon wind.",04bbd9ce-2fbb-4987-8d74-37465fd2acef,294a01cf-ae46-4fe7-930a-38471c4e790e
2026-05-01T11:05:43.897241+00:00,Contrib User,dialogue_prompt,,What would you whisper to a 240-year-old tree?,d996ea5c-8d79-4a0e-9e94-75f55145e81e,5b866164-4fea-4f95-ae13-e5ff72e5cad7
2026-05-01T11:05:44.978252+00:00,Contrib User,narrative,,another whisper,a6a29d38-ce99-4560-a795-b335ff1db850,c5e09c2f-bbdc-4769-b636-5612d68b192f
2026-05-01T11:05:45.219519+00:00,Contrib User,narrative,,still pending,84a20f1f-6f88-4960-8291-e6e7ff5f8716,d2346d63-6e2f-4e15-ab39-2857e3c52600
2026-05-01T11:38:30.889235+00:00,Contrib User,narrative,TEST_n,"Walking past, I noticed the iron gate creak in afternoon wind.",c7067d46-e5d1-4a21-a93f-658879972d0a,8827c564-f086-44cb-8d8e-1afeaa6ed8d7
2026-05-01T11:38:31.210756+00:00,Contrib User,dialogue_prompt,,What would you whisper to a 240-year-old tree?,6ad85c75-7625-4350-89e6-dc87fe782531,1d53eeda-0b18-4188-908b-8ca179b45dbf
2026-05-01T11:38:33.026389+00:00,Contrib User,narrative,,another whisper,59529b5c-f263-44a3-8d62-33cf44fb6261,2793b456-707f-479b-9161-da8f901479c0
2026-05-01T11:38:33.243400+00:00,Contrib User,narrative,,still pending,08f76bbb-1025-409b-8254-e08a829fd324,f97d81f8-cd24-49dd-8da4-dd1561df4677
2026-05-01T13:44:16.318705+00:00,Contrib User,narrative,TEST_n,"Walking past, I noticed the iron gate creak in afternoon wind.",969bfbae-41cd-4a8c-95b9-95d1b6b84a64,3dc209cc-061e-4e79-be50-67ece14940f1
2026-05-01T13:44:16.633630+00:00,Contrib User,dialogue_prompt,,What would you whisper to a 240-year-old tree?,6113a21a-cf26-4fe1-a35e-f0904b62d528,f50a29b9-915e-493c-8287-07481c03457b
2026-05-01T13:44:17.762047+00:00,Contrib User,narrative,,another whisper,7fc3c429-1808-4d88-9559-7a9b68518e32,e136314c-351c-4a25-abe0-31d22aaa63de
2026-05-01T13:44:17.969217+00:00,Contrib User,narrative,,still pending,2f5a3df8-43e1-41c6-9443-fbd078764486,045e3954-8709-467c-9051-65fb2db8e26f
2026-05-02T10:08:57.737709+00:00,Safety Tester,narrative,Sunday lemons,My grandmother used to walk past here every Sunday after Mass. She bought lemons from a stand.,a6d27b93-c5ca-4d93-9052-97e1f64783f0,3dc209cc-061e-4e79-be50-67ece14940f1
2026-05-02T10:09:01.343393+00:00,Safety Tester,narrative,,Hemingway used to drink negronis here in 1949 and argue with Lucio Fontana about art.,cd878b92-29d2-442d-825e-320156feb547,3dc209cc-061e-4e79-be50-67ece14940f1
2026-05-02T10:09:33.697030+00:00,Contrib User,narrative,TEST_n,"Walking past, I noticed the iron gate creak in afternoon wind.",becf0f91-eef9-48e7-86ff-19f81458daeb,95d08826-f717-49b6-b403-01e242bf883d
2026-05-02T10:09:34.577225+00:00,Contrib User,dialogue_prompt,,What would you whisper to a 240-year-old tree?,b0680164-a2e3-463d-ad40-8d1d898aa1f7,eef37d0f-737b-4461-8c57-7c16f23850f8
2026-05-02T10:09:39.278408+00:00,Contrib User,narrative,,another whisper,dc0cc746-60a8-4ba2-a115-6ade59c075c8,5e83aa76-628a-44c8-8ade-6fcde56e7c72
2026-05-02T10:09:40.562687+00:00,Contrib User,narrative,,still pending,605279e5-ddda-42fd-8a33-6e93f479c5da,385dbeb7-1f04-41da-b645-49f5d1f4aba8
2026-05-03T09:11:11.977799+00:00,Contrib User,narrative,TEST_n,"Walking past, I noticed the iron gate creak in afternoon wind.",27f53f25-8e46-4d33-ab67-86dc3c5ce754,5c3f884b-c0d0-45a7-9eb7-ad0ff1f706ef
2026-05-03T09:11:14.101073+00:00,Contrib User,dialogue_prompt,,What would you whisper to a 240-year-old tree?,59675d3f-2f6c-40b4-a259-9edbe11a2b90,155bf3ef-5c75-46ba-996a-8c094cbef282
2026-05-03T09:11:18.966926+00:00,Contrib User,narrative,,another whisper,de4106c7-02fd-47a7-9d66-99ae22332f03,f9a7bd44-f5f4-43ef-b2ad-f528800eb227
2026-05-03T09:11:20.566815+00:00,Contrib User,narrative,,still pending,61d5702b-5228-4669-9ad5-7a3dfe4a9624,e4b86c2a-2081-4020-8cda-b37f77447ac3
2026-05-03T09:12:40.336980+00:00,Contrib User,narrative,TEST_n,"Walking past, I noticed the iron gate creak in afternoon wind.",06fdbb7f-1478-4425-9ea0-f51db52ae2eb,b01b238e-803f-4cfe-8611-2f884c157892
2026-05-03T09:12:52.081545+00:00,Contrib User,dialogue_prompt,,What would you whisper to a 240-year-old tree?,41e28bc2-aee6-4dcd-9e46-d9839abba40c,09d1e054-9360-4f56-998c-2372768db4e7
2026-05-03T09:13:00.737102+00:00,Contrib User,narrative,,another whisper,6cdad19e-b8fa-4c16-94a6-82ce079d3fd9,d515ffa6-226f-474b-9c7e-e5adc6d048e0
2026-05-03T09:13:02.906111+00:00,Contrib User,narrative,,still pending,a2292350-b887-432d-9c15-b73360d20b75,7de75879-6221-4fce-ad04-6323abb92917
2026-05-03T09:17:11.230524+00:00,Contrib User,narrative,TEST_n,"Walking past, I noticed the iron gate creak in afternoon wind.",9d767013-1928-4306-aecb-725ba85aa4d9,f4df332e-b02b-45e4-80f6-926537f8802d
2026-05-03T09:17:12.924822+00:00,Contrib User,dialogue_prompt,,What would you whisper to a 240-year-old tree?,31e393aa-330c-4445-aa54-e8275d676922,e951dde9-a84e-4d91-805f-a8a075ccf021
2026-05-03T09:17:17.129928+00:00,Contrib User,narrative,,another whisper,cf4fd022-513e-46cd-abd9-1e07aa1bd41e,9b33532c-1561-417d-a94f-ebff44a35ee3
2026-05-03T09:17:18.529526+00:00,Contrib User,narrative,,still pending,8d2c98b1-d2d6-4b94-b236-5ee61d79bdb7,60311541-40bf-414f-be05-a3a88944f2e2
2026-05-03T09:49:01.200602+00:00,Contrib User,narrative,TEST_n,"Walking past, I noticed the iron gate creak in afternoon wind.",de73268f-0ada-4446-8858-ea6cfc0cc5b8,00445eed-19ce-4278-9197-4e2e1b715959
2026-05-03T09:49:02.762381+00:00,Contrib User,dialogue_prompt,,What would you whisper to a 240-year-old tree?,17cf0416-4126-4baf-a0f3-d06ce392fa21,f2a8ec51-e5f5-48be-a01b-ae98732bd5c6
2026-05-03T09:49:07.144986+00:00,Contrib User,narrative,,another whisper,c82a595f-35df-4cf1-9496-fea1a7c94f53,ac98ff9e-6c34-4518-aa68-1492fef9cc05
2026-05-03T09:49:08.748374+00:00,Contrib User,narrative,,still pending,512fd1bb-d3cc-48c0-a232-268b73619006,db1ec1e2-9ee0-418e-9703-41ade21ac0ec
2026-05-03T09:52:58.414675+00:00,Contrib User,narrative,TEST_n,"Walking past, I noticed the iron gate creak in afternoon wind.",6cf56445-cb7d-46e7-b67b-cb01d896144d,ef6d9d91-b1c1-4785-9f2e-c96b83a93666
2026-05-03T09:52:59.966493+00:00,Contrib User,dialogue_prompt,,What would you whisper to a 240-year-old tree?,ad493b09-e98a-4d6f-9397-b5a24be0db9f,ff1fde7e-9fff-4b15-96d4-6de63ca6ea37
2026-05-03T09:53:04.554562+00:00,Contrib User,narrative,,another whisper,ef353d15-e993-4c4e-b513-484a2be14694,ec8001b4-0b35-4b46-a5cc-6d651db85eaf
2026-05-03T09:53:06.253607+00:00,Contrib User,narrative,,still pending,993f143c-1d50-4625-975a-f7b6dafc6f82,40e07f4a-5b12-409e-9387-b67487bd6f80
2026-05-03T10:02:17.683544+00:00,Contrib User,narrative,TEST_n,"Walking past, I noticed the iron gate creak in afternoon wind.",466a6728-88d4-4fef-8c00-6c307228c2fb,50b72ea2-c4b6-47df-ba52-0ae20dc8940f
2026-05-03T10:02:19.165759+00:00,Contrib User,dialogue_prompt,,What would you whisper to a 240-year-old tree?,ee238861-b690-4616-9936-8163be0baeda,90fe142c-7775-43b8-9954-bcbed85e19bd
2026-05-03T10:02:24.211160+00:00,Contrib User,narrative,,another whisper,88143a11-3513-4ee7-b38a-d290d3b92166,4ce8f2d8-df41-4243-9729-56afb123ad84
2026-05-03T10:02:26.118894+00:00,Contrib User,narrative,,still pending,c7f99fb4-28b4-47db-a914-afd18661ca8b,faf682aa-8b75-4d32-b6a5-77970f1ac414
2026-05-03T10:05:45.624363+00:00,Contrib User,narrative,TEST_n,"Walking past, I noticed the iron gate creak in afternoon wind.",93901851-135c-42d0-ab94-09db0e959813,e7305aa4-47a1-4cb3-bbb2-36cfba1669fa
2026-05-03T10:05:47.363584+00:00,Contrib User,dialogue_prompt,,What would you whisper to a 240-year-old tree?,008f1f66-b9e3-4093-98bd-7e1c9f55c849,61b46a6e-120a-4091-8b72-516d98769175
2026-05-03T10:05:52.473802+00:00,Contrib User,narrative,,another whisper,fa78ed1e-5a4d-4fa5-a836-7f0e07670837,d863a1bc-5afd-479b-ba76-72b77dbaff5a
2026-05-03T10:05:54.046691+00:00,Contrib User,narrative,,still pending,fa84fa2b-234d-41e5-9ed7-345b007e5292,4fb81a85-7282-4005-8cee-29ae0c8f2824
2026-05-03T10:55:08.312366+00:00,Contrib User,narrative,TEST_n,"Walking past, I noticed the iron gate creak in afternoon wind.",48c83b8a-8ebb-4f50-8bc4-b00190a8bb4c,117663c6-d5a6-4559-9b09-a10bec0659f4
2026-05-03T10:55:10.225345+00:00,Contrib User,dialogue_prompt,,What would you whisper to a 240-year-old tree?,88c9a46c-f264-48c3-a2e1-bfdb125b0ab1,bb05a521-1e18-4573-b09f-4e4458b5e3d8
2026-05-03T10:55:14.715319+00:00,Contrib User,narrative,,another whisper,d55d1d78-9531-4d13-83f1-51eb0619b94f,2bcdd815-1104-42df-ac88-8ce59f1c93ab
2026-05-03T10:55:16.819109+00:00,Contrib User,narrative,,still pending,e968d4a3-0c67-4360-ba6d-8d1268c0b926,6505acdf-3fc9-437b-a6f7-bc867e0a50b0
2026-05-03T14:10:47.366803+00:00,Contrib User,narrative,TEST_n,"Walking past, I noticed the iron gate creak in afternoon wind.",ca8122a3-78f2-4353-9008-60665099b557,2c3d5ead-7581-4bdd-bb91-0d3371491e36
2026-05-03T14:10:49.043066+00:00,Contrib User,dialogue_prompt,,What would you whisper to a 240-year-old tree?,70e0ef1b-9d55-4329-a522-a9284869c69f,d6bfe236-4564-46c3-85ef-0adea1712d00
2026-05-03T14:10:54.084279+00:00,Contrib User,narrative,,another whisper,484f62ed-edfd-455f-a077-1ecfe1e41e95,732f478a-eb1c-48e8-bf2d-b6c6543e4d9a
2026-05-03T14:10:55.866737+00:00,Contrib User,narrative,,still pending,6f6dd1b3-7dbe-4bfa-9010-43ee00e34a7c,7a461470-84a4-41b2-8f6c-81f16abd102e
2026-05-03T14:13:08.399161+00:00,Contrib User,narrative,TEST_n,"Walking past, I noticed the iron gate creak in afternoon wind.",d8a17448-7d53-4c8e-b41e-9e1e954e03b8,9db488c9-fc52-4be8-9145-70ed89101cad
2026-05-03T14:13:09.596313+00:00,Contrib User,dialogue_prompt,,What would you whisper to a 240-year-old tree?,f139ea16-5224-479a-b8dd-389a800143e6,6b2401e3-a3dd-42e9-8d93-95083558eb7c
2026-05-03T14:13:13.938450+00:00,Contrib User,narrative,,another whisper,5ae85104-d29b-4c38-9ecb-87e9544cc3db,c31035a4-6e06-46ec-a4d8-5ee08e7efa88
2026-05-03T14:13:15.832721+00:00,Contrib User,narrative,,still pending,295c53a5-9824-43d9-80ad-cbe12ff00c36,215c34f4-1a08-4423-bfef-500f9e961b22
2026-05-03T14:15:14.896979+00:00,Contrib User,narrative,TEST_n,"Walking past, I noticed the iron gate creak in afternoon wind.",b7ca47b8-305f-4563-a67a-8f779731834c,10deb19c-8249-4fdc-88d8-a9c58d803854
2026-05-03T14:15:16.780600+00:00,Contrib User,dialogue_prompt,,What would you whisper to a 240-year-old tree?,ef67c224-fbcd-41d6-9d90-ee247e2d6f6a,34a5e075-f7fe-4ea4-b53d-b6d9699195fe
2026-05-03T14:15:21.494562+00:00,Contrib User,narrative,,another whisper,1de9af81-89c6-4631-bc5d-ef676f14e15c,9ff0a311-95b6-4792-adde-0deb63345a42
2026-05-03T14:15:23.309529+00:00,Contrib User,narrative,,still pending,eacec133-4bc1-4b19-8438-c93f2aef6a84,d5fd07fc-403a-49ff-b3fb-a19df67050d5
2026-05-03T14:43:52.622436+00:00,Contrib User,narrative,TEST_n,"Walking past, I noticed the iron gate creak in afternoon wind.",cc36be29-3dcb-48c3-af55-7140f763f4de,1b266e47-3103-4364-a5ef-e3bc20232307
2026-05-03T14:43:53.630533+00:00,Contrib User,dialogue_prompt,,What would you whisper to a 240-year-old tree?,383662de-aaf5-4eb6-bb75-33757fb690e2,a4cfb33f-881a-416f-a002-d8c17cc07135
2026-05-03T14:43:58.108006+00:00,Contrib User,narrative,,another whisper,9048e066-47dd-492e-aa52-640bd63c516d,d99cf07d-1de5-4ae1-ba2a-e4c1d4a03dea
2026-05-03T14:43:59.953514+00:00,Contrib User,narrative,,still pending,58ac96f9-65ae-4228-beb0-a0dea2d81e81,6112748b-cf62-4705-9091-a14665234ec0
2026-05-03T14:45:58.938065+00:00,Contrib User,narrative,TEST_n,"Walking past, I noticed the iron gate creak in afternoon wind.",9c29972c-88f0-4b92-be59-61b8d4769033,824f29d1-ae73-49de-92d1-7612296664d1
2026-05-03T14:46:00.670372+00:00,Contrib User,dialogue_prompt,,What would you whisper to a 240-year-old tree?,d4457f61-1166-4674-b634-26fc8a81f53c,1175b267-e0c8-4edb-80b8-b4a43d78a034
2026-05-03T14:46:07.110540+00:00,Contrib User,narrative,,another whisper,b1db478c-8c32-473f-bd83-371c147081a5,7548dc47-cb9a-4e46-9f37-576846826f2d
2026-05-03T14:46:09.246575+00:00,Contrib User,narrative,,still pending,02b29869-e868-4bd6-8be1-699b3ce73fed,654ba0b3-eb2b-4d9e-86b5-5bf88f1947cb
2026-05-03T14:53:49.990110+00:00,Contrib User,narrative,TEST_n,"Walking past, I noticed the iron gate creak in afternoon wind.",11d065ed-4429-43f0-9559-547f97ef6ff7,990f75a3-790e-4a31-8e28-9810fe521dbf
2026-05-03T14:53:51.107271+00:00,Contrib User,dialogue_prompt,,What would you whisper to a 240-year-old tree?,cc9e37a1-24f0-4910-b7c1-d3cab6a43a07,fa8fb5bd-341b-418b-a7fe-f7f7b8839a89
2026-05-03T14:53:56.489451+00:00,Contrib User,narrative,,another whisper,d51b8e9b-18c0-4662-87fc-71c763a64728,6c4107f4-11a3-4192-ae32-03d703b9fbed
2026-05-03T14:53:58.109843+00:00,Contrib User,narrative,,still pending,1c69098b-83aa-4e3a-baf6-bacc9fbdeff5,1cbb29be-fb80-49c9-a455-f847069feee6
2026-05-03T15:21:13.456589+00:00,Contrib User,narrative,TEST_n,"Walking past, I noticed the iron gate creak in afternoon wind.",83453c0b-6947-43f0-b672-b83b91f88c6e,1b0ab1da-1530-4939-8775-b39d9e7ac992
2026-05-03T15:21:14.401646+00:00,Contrib User,dialogue_prompt,,What would you whisper to a 240-year-old tree?,cf697924-ad62-48a6-90a5-2528b5217c24,cd7ecc00-b3c7-4c77-b427-495504789cbe
2026-05-03T15:21:19.828842+00:00,Contrib User,narrative,,another whisper,d59abe94-fed1-47ec-a7b5-4d09313ed98b,f7f5482c-60ea-46d4-8887-0277fa244a67
2026-05-03T15:21:21.434682+00:00,Contrib User,narrative,,still pending,ab43062b-de25-4829-8616-44c9593915ac,40534c77-8d2a-46e9-88e3-da00cda591ce
2026-05-03T17:43:04.893061+00:00,Contrib User,narrative,TEST_n,"Walking past, I noticed the iron gate creak in afternoon wind.",8674bfde-0fe1-44fb-a8d3-c7cd111881fc,889628df-3ef8-4e52-9a5e-e68a6578f0a7
2026-05-03T17:43:05.841125+00:00,Contrib User,dialogue_prompt,,What would you whisper to a 240-year-old tree?,7b8c7a1c-5b4c-45e8-88b1-880e6a5b7ced,72d682cf-4652-4a7d-a13c-7623591bb620
2026-05-03T17:43:10.578777+00:00,Contrib User,narrative,,another whisper,d87e303f-2888-4118-8e08-5b043889146f,dda79416-8d6f-4496-8b6f-3b549520b6b0
2026-05-03T17:43:12.227724+00:00,Contrib User,narrative,,still pending,6b73ef4f-5a45-45d6-a9ba-7d065a1d48b3,d7dee356-944c-4745-8e2c-5659335b6636
2026-05-03T17:45:21.567954+00:00,Contrib User,narrative,TEST_n,"Walking past, I noticed the iron gate creak in afternoon wind.",d0b9f540-4588-4c5b-aa63-b3beb68ec6cf,06819fcf-691c-463c-b014-764d92ae8d62
2026-05-03T17:45:23.106454+00:00,Contrib User,dialogue_prompt,,What would you whisper to a 240-year-old tree?,21ed1a6b-96b7-448e-a5b2-bc1ae4b8398a,5a9abe26-ac90-41a7-8118-818f3f2df6d1
2026-05-03T17:45:28.141270+00:00,Contrib User,narrative,,another whisper,a2a51180-6e15-420c-80a7-b114093450ea,f0d97be6-895d-4e30-a8cb-5fb5beb0312c
2026-05-03T17:45:29.700989+00:00,Contrib User,narrative,,still pending,d4200bc2-3ef8-4014-aea5-8f8c142d79d4,b9851382-a1f0-444b-a6f0-52b1ab41518a
2026-05-03T17:48:21.258803+00:00,Contrib User,narrative,TEST_n,"Walking past, I noticed the iron gate creak in afternoon wind.",766dffc9-8ba1-4dc1-a3a8-f9538f050cad,442e9d3d-20eb-476e-826e-04a84c352e98
2026-05-03T17:48:23.240731+00:00,Contrib User,dialogue_prompt,,What would you whisper to a 240-year-old tree?,0fcb81c8-510a-4ec8-a330-19bf7540d9ef,55fe108f-94f0-40b9-81be-4866a1f740f0
2026-05-03T17:48:28.626684+00:00,Contrib User,narrative,,another whisper,9238263c-8a68-4507-99fd-86e75f1155b6,d087014a-6517-4fab-9ebe-b33967f7ff14
2026-05-03T17:48:30.060914+00:00,Contrib User,narrative,,still pending,a6dad174-13db-4b69-8d01-092f2becc3c8,1368e0ba-32ab-4b85-b499-1d71168409e6
2026-05-03T18:07:53.114547+00:00,Contrib User,narrative,TEST_n,"Walking past, I noticed the iron gate creak in afternoon wind.",87b22fca-18f5-4ebd-9f4f-e5c86df6822c,931bf674-16e1-47d7-ac29-e7ea294089d9
2026-05-03T18:07:54.565475+00:00,Contrib User,dialogue_prompt,,What would you whisper to a 240-year-old tree?,78e87beb-1656-42bd-a92a-36ef491e0517,4be22c2d-3806-42f2-aac5-529310031d7d
2026-05-03T18:07:59.071840+00:00,Contrib User,narrative,,another whisper,2e2fa43a-3263-4d4a-a193-c9ca6a67fb00,b64872f9-61bd-4bd3-b848-b9a78588bc47
2026-05-03T18:08:01.514513+00:00,Contrib User,narrative,,still pending,31d9b750-3477-4111-b88b-237839769eb0,888823f5-e69d-42a2-8b1b-964f55d59a21
2026-05-03T18:08:43.377655+00:00,Contrib User,narrative,TEST_n,"Walking past, I noticed the iron gate creak in afternoon wind.",1fdba29c-5681-45b7-8d1e-792b25c39c08,71170c85-e72b-438a-9304-1aadf1dc39e4
2026-05-03T18:08:44.812722+00:00,Contrib User,dialogue_prompt,,What would you whisper to a 240-year-old tree?,c9b7c5f4-f1e5-4864-9089-267cdcc57e55,c2316040-e470-49c0-979e-3050dee90044
2026-05-03T18:08:49.478964+00:00,Contrib User,narrative,,another whisper,2189701c-57ce-43a6-82ca-25b44b0d9c37,a09328f2-473d-4ac7-bec8-3bdadebc0f56
2026-05-03T18:08:51.145588+00:00,Contrib User,narrative,,still pending,ba5c9457-3db9-4265-aa7d-5fce2f898e20,2b399487-2751-4935-92aa-ec27f360650b
2026-05-03T18:11:07.748797+00:00,Contrib User,narrative,TEST_n,"Walking past, I noticed the iron gate creak in afternoon wind.",c836d6f1-6370-4baf-997c-c7e95c1b7350,9f537d9b-0e57-4cd4-ab14-cc876b7f1924
2026-05-03T18:11:09.151452+00:00,Contrib User,dialogue_prompt,,What would you whisper to a 240-year-old tree?,ae4caaec-7c5e-43e9-b067-9e53dd96b204,bf645576-1fa2-4cef-9d7f-87feb6ed59f1
2026-05-03T18:11:14.346893+00:00,Contrib User,narrative,,another whisper,60032283-5c17-4a9b-9f0e-18ae7b822c3d,9e36a0a3-2336-4d24-84f8-429ed4dbf3e7
2026-05-03T18:11:15.869313+00:00,Contrib User,narrative,,still pending,d581d349-099e-4b33-9132-64f5aa446cda,5e52096d-18cd-4687-9531-5d2dd93df7ee
2026-05-04T10:50:47.666178+00:00,Contrib User,narrative,TEST_n,"Walking past, I noticed the iron gate creak in afternoon wind.",acb137d1-4e4a-4e92-8fbb-e5fbf78c089a,d97e6043-ba38-4b15-93bf-636dc1192989
2026-05-04T10:50:49.199259+00:00,Contrib User,dialogue_prompt,,What would you whisper to a 240-year-old tree?,f89255d8-dba1-4115-935f-395cdab3c3fc,393d9bd4-8a75-4b19-82b2-d4d8f7245e25
2026-05-04T10:50:53.352186+00:00,Contrib User,narrative,,another whisper,82a75c2e-25a9-46b1-8b31-b230d9d78530,076208df-74b2-4bb5-9049-9baecfdc0f17
2026-05-04T10:50:55.384601+00:00,Contrib User,narrative,,still pending,5a17fcb5-21d3-465b-b030-a9816879d3b5,dce517bc-3171-41c2-94e4-a04391c4764b
2026-05-04T11:44:14.767664+00:00,Contrib User,narrative,TEST_n,"Walking past, I noticed the iron gate creak in afternoon wind.",73a1e220-d7ff-4a03-92e9-680674b0193e,bc2de6ad-b674-4b8f-8bd8-6645ae7bc3a4
2026-05-04T11:44:16.373414+00:00,Contrib User,dialogue_prompt,,What would you whisper to a 240-year-old tree?,9f8f7e14-29be-473a-b4f2-a094292dce44,59d0c1f8-aeab-42d5-acef-61fac36ed010
2026-05-04T11:44:20.774750+00:00,Contrib User,narrative,,another whisper,d2c2fb53-a8cd-47c9-b7be-34b57c330304,0797412d-6fc6-48f5-9b9d-46755c7f9c6b
2026-05-04T11:44:22.478618+00:00,Contrib User,narrative,,still pending,823f59a3-a6e8-435e-b7f5-8e9486891f3c,cacc628f-d372-442b-9932-0883a5913058
2026-05-04T11:45:41.846738+00:00,Contrib User,narrative,TEST_n,"Walking past, I noticed the iron gate creak in afternoon wind.",14a60418-4ccd-4507-82f1-ea7c8d47d9b5,af03e2c8-df0c-4e3c-b101-c6b1bb17428c
2026-05-04T11:45:42.768445+00:00,Contrib User,dialogue_prompt,,What would you whisper to a 240-year-old tree?,1e87f994-2166-4054-965b-c7c76cda4a05,09427289-eda7-4db9-ad08-39c65230a3b2
2026-05-04T11:45:47.392957+00:00,Contrib User,narrative,,another whisper,7e45cf21-0265-4134-a543-42038cb8c3f1,0dad4e37-7acc-48f6-bff2-616b23dc9087
2026-05-04T11:45:48.937073+00:00,Contrib User,narrative,,still pending,75b1d1aa-936f-46a0-a319-e4be62878219,abc9d880-ec39-4553-a8e6-bb02e494a655
2026-05-04T11:51:23.347398+00:00,Contrib User,narrative,TEST_n,"Walking past, I noticed the iron gate creak in afternoon wind.",d5541d0e-5147-4f03-9ad0-0f0bcea45f9c,9f0aae15-0baf-47e7-a188-b0e3d02f20ca
2026-05-04T11:51:24.269804+00:00,Contrib User,dialogue_prompt,,What would you whisper to a 240-year-old tree?,dcf0b4ea-00e1-47f4-8117-31bb1aef6446,c201f800-1702-4346-876c-7b2bdb32b57e
2026-05-04T11:51:31.486394+00:00,Contrib User,narrative,,another whisper,f5994762-b413-4697-9c69-e3daa61b3091,26f5ccfb-814f-44b0-8560-65e2ec3b38ce
2026-05-04T11:51:33.328534+00:00,Contrib User,narrative,,still pending,c8aea4f8-bb32-44bf-86ba-cd637feca07d,3ce22e75-84c5-4c07-8150-3b1370db7dd1
2026-05-04T11:55:26.199361+00:00,Contrib User,narrative,TEST_n,"Walking past, I noticed the iron gate creak in afternoon wind.",b16538f2-c20e-4294-9d5a-57387056c091,2396b694-c904-4c25-964b-c2bfd5c002db
2026-05-04T11:55:27.071018+00:00,Contrib User,dialogue_prompt,,What would you whisper to a 240-year-old tree?,11ae3f35-f58d-4d98-9ae0-56d179d247d4,5cb0a30a-66e6-4f59-af4c-31451739eee6
2026-05-04T11:55:31.426421+00:00,Contrib User,narrative,,another whisper,a8e5a287-f38d-44d8-83a8-6438c1290010,a2510d9c-184a-4839-ae98-f3340b637040
2026-05-04T11:55:33.679446+00:00,Contrib User,narrative,,still pending,7b50f364-bfa1-4fbe-849a-bba7b4151875,aff0e74b-8e3b-419b-8405-6d917b51d7dd
2026-05-04T12:12:57.607468+00:00,Contrib User,narrative,TEST_n,"Walking past, I noticed the iron gate creak in afternoon wind.",ed24070b-f7cb-4df3-af77-6884a303d019,9f5cebfe-8634-4899-943e-f83500ae3c56
2026-05-04T12:12:59.073381+00:00,Contrib User,dialogue_prompt,,What would you whisper to a 240-year-old tree?,1d69500a-af67-4b06-82a1-4d73ff022662,9b5c6b64-2ae8-4145-abc1-19d4ae629d2f
2026-05-04T12:13:03.644789+00:00,Contrib User,narrative,,another whisper,f7e06e40-3ded-457d-8714-9ce2d5589bab,6d6e5264-21eb-4918-af2b-f6819ab20420
2026-05-04T12:13:05.822781+00:00,Contrib User,narrative,,still pending,fbef41d4-2f54-4336-a289-c7499a979d3e,2db28e59-123b-4358-b6ab-a09d5ee18143
2026-05-04T12:15:17.308452+00:00,Contrib User,narrative,TEST_n,"Walking past, I noticed the iron gate creak in afternoon wind.",f5da37cf-647c-49b5-af39-eebc07d9b524,872a439d-e923-487f-9543-5fe37e90fb13
2026-05-04T12:15:18.923319+00:00,Contrib User,dialogue_prompt,,What would you whisper to a 240-year-old tree?,bf84ea84-09b9-4ee7-8b8b-72096a40054c,ab3645b6-fde7-4acb-b437-8e76b34a226b
2026-05-04T12:15:23.365260+00:00,Contrib User,narrative,,another whisper,1d824a27-35e2-4c7c-b654-8591e73b9a62,5b0fd43b-e2ff-4694-af55-1cb0c3492040
2026-05-04T12:15:25.011086+00:00,Contrib User,narrative,,still pending,b02e22fe-5d68-403f-ad98-0e2efe928ec0,e6a740eb-ec1e-4ef3-85a2-d0b6f075ffe3
2026-05-04T12:16:56.451876+00:00,Contrib User,narrative,TEST_n,"Walking past, I noticed the iron gate creak in afternoon wind.",810c9cf9-2ce4-49c0-ab7e-fbf0ac409250,0ad6ec53-85ae-49ac-8a0d-4cd350fac2ad
2026-05-04T12:16:57.946133+00:00,Contrib User,dialogue_prompt,,What would you whisper to a 240-year-old tree?,fa3ca139-ec32-42c5-8da8-122f24eb577a,de5ba14a-209c-40f9-a0cd-0a2c4109e276
2026-05-04T12:17:02.426366+00:00,Contrib User,narrative,,another whisper,7b368d75-e716-48e4-98ad-75399f9722f2,4016ae48-061e-4e73-87cd-2a174bf20e87
2026-05-04T12:17:07.893293+00:00,Contrib User,narrative,,still pending,da57531e-5019-42ea-b65c-ef6004b3479f,143472de-4acd-42fd-924d-66243bceadf3
2026-05-04T16:28:11.655665+00:00,Contrib User,narrative,TEST_n,"Walking past, I noticed the iron gate creak in afternoon wind.",2514fce3-63ac-4cd9-887c-09c436d2fc97,1e92d83a-b38d-4750-9911-c00052a43e53
2026-05-04T16:28:13.344737+00:00,Contrib User,dialogue_prompt,,What would you whisper to a 240-year-old tree?,ad073d98-4c01-4826-ac20-e818cd274ace,2395f5c0-c362-49e5-8067-852a8a62ea57
2026-05-04T16:28:18.425687+00:00,Contrib User,narrative,,another whisper,b868dc77-fa87-43eb-bb5b-1ec6a07b2c09,0deb694a-f97d-492e-b9e0-5480e619e437
2026-05-04T16:28:20.274590+00:00,Contrib User,narrative,,still pending,36b3f1c9-fca4-44b7-ac07-5bac7f4ce82b,ad6d064b-9ca9-4fe6-bd76-ea0f7ea51685
2026-05-04T17:45:46.249930+00:00,Contrib User,narrative,TEST_n,"Walking past, I noticed the iron gate creak in afternoon wind.",ee8f3e56-78ac-4db6-bcfc-b0c4ca705d4d,4c99eb51-f038-4288-b251-7f3bc6decc1f
2026-05-04T17:45:47.389206+00:00,Contrib User,dialogue_prompt,,What would you whisper to a 240-year-old tree?,2cae77f2-a7ba-4821-8180-a59133aef832,aa393854-a48b-4c9a-907b-af2cdf5d2089
2026-05-04T17:45:51.049952+00:00,Contrib User,narrative,,another whisper,a105d593-5750-4612-9a51-eb583dce0ea9,38b23a5b-87c0-4ded-98e3-0bfdf5af292e
2026-05-04T17:45:53.401295+00:00,Contrib User,narrative,,still pending,022ab04a-9353-4e54-ae0f-fd31fdc46786,7368a7ec-f83b-4334-8649-24fcbb40bbda
